{
  "1": {
    "y": 319.65625,
    "name": "seminar",
    "x": 583.75
  },
  "2": {
    "y": 539.578125,
    "name": "group",
    "x": 821.875
  }
}